sample_id,plate,split,perturbation,image_path,mask_path,width,height,n_chars
train_000000_clean_UPW443,UPW443,train,clean,images/train_000000_clean_UPW443.png,masks/train_000000_clean_UPW443_mask.png,240,80,6
train_000001_blur_BVO507,BVO507,train,blur,images/train_000001_blur_BVO507.png,masks/train_000001_blur_BVO507_mask.png,240,80,6
train_000002_glare_IRB207,IRB207,train,glare,images/train_000002_glare_IRB207.png,masks/train_000002_glare_IRB207_mask.png,240,80,6
train_000003_touch_KYB651,KYB651,train,touch,images/train_000003_touch_KYB651.png,masks/train_000003_touch_KYB651_mask.png,240,80,6
train_000004_broken_GJW910,GJW910,train,broken,images/train_000004_broken_GJW910.png,masks/train_000004_broken_GJW910_mask.png,240,80,6
train_000005_threshold_ZEW590,ZEW590,train,threshold,images/train_000005_threshold_ZEW590.png,masks/train_000005_threshold_ZEW590_mask.png,240,80,6
train_000006_perspective_STQ790,STQ790,train,perspective,images/train_000006_perspective_STQ790.png,masks/train_000006_perspective_STQ790_mask.png,240,80,6
train_000007_compression_EBT781,EBT781,train,compression,images/train_000007_compression_EBT781.png,masks/train_000007_compression_EBT781_mask.png,240,80,6
train_000008_combo_JZP393,JZP393,train,combo,images/train_000008_combo_JZP393.png,masks/train_000008_combo_JZP393_mask.png,240,80,6
train_000009_clean_IRB207,IRB207,train,clean,images/train_000009_clean_IRB207.png,masks/train_000009_clean_IRB207_mask.png,240,80,6
train_000010_blur_CRA541,CRA541,train,blur,images/train_000010_blur_CRA541.png,masks/train_000010_blur_CRA541_mask.png,240,80,6
train_000011_glare_XGS543,XGS543,train,glare,images/train_000011_glare_XGS543.png,masks/train_000011_glare_XGS543_mask.png,240,80,6
train_000012_touch_JPQ652,JPQ652,train,touch,images/train_000012_touch_JPQ652.png,masks/train_000012_touch_JPQ652_mask.png,240,80,6
train_000013_broken_ZPD786,ZPD786,train,broken,images/train_000013_broken_ZPD786.png,masks/train_000013_broken_ZPD786_mask.png,240,80,6
train_000014_threshold_VYG144,VYG144,train,threshold,images/train_000014_threshold_VYG144.png,masks/train_000014_threshold_VYG144_mask.png,240,80,6
train_000015_perspective_WBQ087,WBQ087,train,perspective,images/train_000015_perspective_WBQ087.png,masks/train_000015_perspective_WBQ087_mask.png,240,80,6
train_000016_compression_ANG909,ANG909,train,compression,images/train_000016_compression_ANG909.png,masks/train_000016_compression_ANG909_mask.png,240,80,6
train_000017_combo_GMF170,GMF170,train,combo,images/train_000017_combo_GMF170.png,masks/train_000017_combo_GMF170_mask.png,240,80,6
train_000018_clean_ZVH518,ZVH518,train,clean,images/train_000018_clean_ZVH518.png,masks/train_000018_clean_ZVH518_mask.png,240,80,6
train_000019_blur_IQU982,IQU982,train,blur,images/train_000019_blur_IQU982.png,masks/train_000019_blur_IQU982_mask.png,240,80,6
train_000020_glare_HBJ010,HBJ010,train,glare,images/train_000020_glare_HBJ010.png,masks/train_000020_glare_HBJ010_mask.png,240,80,6
train_000021_touch_SDP215,SDP215,train,touch,images/train_000021_touch_SDP215.png,masks/train_000021_touch_SDP215_mask.png,240,80,6
train_000022_broken_SHQ882,SHQ882,train,broken,images/train_000022_broken_SHQ882.png,masks/train_000022_broken_SHQ882_mask.png,240,80,6
train_000023_threshold_RBF768,RBF768,train,threshold,images/train_000023_threshold_RBF768.png,masks/train_000023_threshold_RBF768_mask.png,240,80,6
train_000024_perspective_WBK781,WBK781,train,perspective,images/train_000024_perspective_WBK781.png,masks/train_000024_perspective_WBK781_mask.png,240,80,6
train_000025_compression_VCW593,VCW593,train,compression,images/train_000025_compression_VCW593.png,masks/train_000025_compression_VCW593_mask.png,240,80,6
train_000026_combo_YZF986,YZF986,train,combo,images/train_000026_combo_YZF986.png,masks/train_000026_combo_YZF986_mask.png,240,80,6
train_000027_clean_LEJ097,LEJ097,train,clean,images/train_000027_clean_LEJ097.png,masks/train_000027_clean_LEJ097_mask.png,240,80,6
train_000028_blur_QXI039,QXI039,train,blur,images/train_000028_blur_QXI039.png,masks/train_000028_blur_QXI039_mask.png,240,80,6
train_000029_glare_PUR058,PUR058,train,glare,images/train_000029_glare_PUR058.png,masks/train_000029_glare_PUR058_mask.png,240,80,6
train_000030_touch_EKA234,EKA234,train,touch,images/train_000030_touch_EKA234.png,masks/train_000030_touch_EKA234_mask.png,240,80,6
train_000031_broken_QRT220,QRT220,train,broken,images/train_000031_broken_QRT220.png,masks/train_000031_broken_QRT220_mask.png,240,80,6
train_000032_threshold_OGH773,OGH773,train,threshold,images/train_000032_threshold_OGH773.png,masks/train_000032_threshold_OGH773_mask.png,240,80,6
train_000033_perspective_HKW350,HKW350,train,perspective,images/train_000033_perspective_HKW350.png,masks/train_000033_perspective_HKW350_mask.png,240,80,6
train_000034_compression_UZN868,UZN868,train,compression,images/train_000034_compression_UZN868.png,masks/train_000034_compression_UZN868_mask.png,240,80,6
train_000035_combo_WXV197,WXV197,train,combo,images/train_000035_combo_WXV197.png,masks/train_000035_combo_WXV197_mask.png,240,80,6
train_000036_clean_TJW813,TJW813,train,clean,images/train_000036_clean_TJW813.png,masks/train_000036_clean_TJW813_mask.png,240,80,6
train_000037_blur_VJO271,VJO271,train,blur,images/train_000037_blur_VJO271.png,masks/train_000037_blur_VJO271_mask.png,240,80,6
train_000038_glare_ZNK556,ZNK556,train,glare,images/train_000038_glare_ZNK556.png,masks/train_000038_glare_ZNK556_mask.png,240,80,6
train_000039_touch_HYS227,HYS227,train,touch,images/train_000039_touch_HYS227.png,masks/train_000039_touch_HYS227_mask.png,240,80,6
train_000040_broken_TJQ269,TJQ269,train,broken,images/train_000040_broken_TJQ269.png,masks/train_000040_broken_TJQ269_mask.png,240,80,6
train_000041_threshold_LNS875,LNS875,train,threshold,images/train_000041_threshold_LNS875.png,masks/train_000041_threshold_LNS875_mask.png,240,80,6
train_000042_perspective_ARY427,ARY427,train,perspective,images/train_000042_perspective_ARY427.png,masks/train_000042_perspective_ARY427_mask.png,240,80,6
train_000043_compression_FUS584,FUS584,train,compression,images/train_000043_compression_FUS584.png,masks/train_000043_compression_FUS584_mask.png,240,80,6
train_000044_combo_BPU683,BPU683,train,combo,images/train_000044_combo_BPU683.png,masks/train_000044_combo_BPU683_mask.png,240,80,6
train_000045_clean_YSX028,YSX028,train,clean,images/train_000045_clean_YSX028.png,masks/train_000045_clean_YSX028_mask.png,240,80,6
train_000046_blur_IJQ478,IJQ478,train,blur,images/train_000046_blur_IJQ478.png,masks/train_000046_blur_IJQ478_mask.png,240,80,6
train_000047_glare_BUB259,BUB259,train,glare,images/train_000047_glare_BUB259.png,masks/train_000047_glare_BUB259_mask.png,240,80,6
train_000048_touch_KPH240,KPH240,train,touch,images/train_000048_touch_KPH240.png,masks/train_000048_touch_KPH240_mask.png,240,80,6
train_000049_broken_UAD381,UAD381,train,broken,images/train_000049_broken_UAD381.png,masks/train_000049_broken_UAD381_mask.png,240,80,6
train_000050_threshold_LHQ910,LHQ910,train,threshold,images/train_000050_threshold_LHQ910.png,masks/train_000050_threshold_LHQ910_mask.png,240,80,6
train_000051_perspective_TRH004,TRH004,train,perspective,images/train_000051_perspective_TRH004.png,masks/train_000051_perspective_TRH004_mask.png,240,80,6
train_000052_compression_ORI484,ORI484,train,compression,images/train_000052_compression_ORI484.png,masks/train_000052_compression_ORI484_mask.png,240,80,6
train_000053_combo_DRN520,DRN520,train,combo,images/train_000053_combo_DRN520.png,masks/train_000053_combo_DRN520_mask.png,240,80,6
train_000054_clean_BSB214,BSB214,train,clean,images/train_000054_clean_BSB214.png,masks/train_000054_clean_BSB214_mask.png,240,80,6
train_000055_blur_NGP140,NGP140,train,blur,images/train_000055_blur_NGP140.png,masks/train_000055_blur_NGP140_mask.png,240,80,6
train_000056_glare_BKO415,BKO415,train,glare,images/train_000056_glare_BKO415.png,masks/train_000056_glare_BKO415_mask.png,240,80,6
train_000057_touch_KFJ041,KFJ041,train,touch,images/train_000057_touch_KFJ041.png,masks/train_000057_touch_KFJ041_mask.png,240,80,6
train_000058_broken_ATB175,ATB175,train,broken,images/train_000058_broken_ATB175.png,masks/train_000058_broken_ATB175_mask.png,240,80,6
train_000059_threshold_YXW460,YXW460,train,threshold,images/train_000059_threshold_YXW460.png,masks/train_000059_threshold_YXW460_mask.png,240,80,6
train_000060_perspective_OAH262,OAH262,train,perspective,images/train_000060_perspective_OAH262.png,masks/train_000060_perspective_OAH262_mask.png,240,80,6
train_000061_compression_AID307,AID307,train,compression,images/train_000061_compression_AID307.png,masks/train_000061_compression_AID307_mask.png,240,80,6
train_000062_combo_VCH349,VCH349,train,combo,images/train_000062_combo_VCH349.png,masks/train_000062_combo_VCH349_mask.png,240,80,6
train_000063_clean_GYZ941,GYZ941,train,clean,images/train_000063_clean_GYZ941.png,masks/train_000063_clean_GYZ941_mask.png,240,80,6
train_000064_blur_FGW700,FGW700,train,blur,images/train_000064_blur_FGW700.png,masks/train_000064_blur_FGW700_mask.png,240,80,6
train_000065_glare_KCT431,KCT431,train,glare,images/train_000065_glare_KCT431.png,masks/train_000065_glare_KCT431_mask.png,240,80,6
train_000066_touch_WXU033,WXU033,train,touch,images/train_000066_touch_WXU033.png,masks/train_000066_touch_WXU033_mask.png,240,80,6
train_000067_broken_NGL583,NGL583,train,broken,images/train_000067_broken_NGL583.png,masks/train_000067_broken_NGL583_mask.png,240,80,6
train_000068_threshold_NIU598,NIU598,train,threshold,images/train_000068_threshold_NIU598.png,masks/train_000068_threshold_NIU598_mask.png,240,80,6
train_000069_perspective_SCZ328,SCZ328,train,perspective,images/train_000069_perspective_SCZ328.png,masks/train_000069_perspective_SCZ328_mask.png,240,80,6
train_000070_compression_KOC253,KOC253,train,compression,images/train_000070_compression_KOC253.png,masks/train_000070_compression_KOC253_mask.png,240,80,6
train_000071_combo_GOO486,GOO486,train,combo,images/train_000071_combo_GOO486.png,masks/train_000071_combo_GOO486_mask.png,240,80,6
train_000072_clean_UCQ186,UCQ186,train,clean,images/train_000072_clean_UCQ186.png,masks/train_000072_clean_UCQ186_mask.png,240,80,6
train_000073_blur_UGO278,UGO278,train,blur,images/train_000073_blur_UGO278.png,masks/train_000073_blur_UGO278_mask.png,240,80,6
train_000074_glare_JCI560,JCI560,train,glare,images/train_000074_glare_JCI560.png,masks/train_000074_glare_JCI560_mask.png,240,80,6
train_000075_touch_WWQ672,WWQ672,train,touch,images/train_000075_touch_WWQ672.png,masks/train_000075_touch_WWQ672_mask.png,240,80,6
train_000076_broken_VNE405,VNE405,train,broken,images/train_000076_broken_VNE405.png,masks/train_000076_broken_VNE405_mask.png,240,80,6
train_000077_threshold_JWX541,JWX541,train,threshold,images/train_000077_threshold_JWX541.png,masks/train_000077_threshold_JWX541_mask.png,240,80,6
train_000078_perspective_KQK651,KQK651,train,perspective,images/train_000078_perspective_KQK651.png,masks/train_000078_perspective_KQK651_mask.png,240,80,6
train_000079_compression_BVC751,BVC751,train,compression,images/train_000079_compression_BVC751.png,masks/train_000079_compression_BVC751_mask.png,240,80,6
train_000080_combo_XXG163,XXG163,train,combo,images/train_000080_combo_XXG163.png,masks/train_000080_combo_XXG163_mask.png,240,80,6
train_000081_clean_FRU969,FRU969,train,clean,images/train_000081_clean_FRU969.png,masks/train_000081_clean_FRU969_mask.png,240,80,6
train_000082_blur_KWQ339,KWQ339,train,blur,images/train_000082_blur_KWQ339.png,masks/train_000082_blur_KWQ339_mask.png,240,80,6
train_000083_glare_KKE188,KKE188,train,glare,images/train_000083_glare_KKE188.png,masks/train_000083_glare_KKE188_mask.png,240,80,6
train_000084_touch_OMU173,OMU173,train,touch,images/train_000084_touch_OMU173.png,masks/train_000084_touch_OMU173_mask.png,240,80,6
train_000085_broken_TSK743,TSK743,train,broken,images/train_000085_broken_TSK743.png,masks/train_000085_broken_TSK743_mask.png,240,80,6
train_000086_threshold_XXU762,XXU762,train,threshold,images/train_000086_threshold_XXU762.png,masks/train_000086_threshold_XXU762_mask.png,240,80,6
train_000087_perspective_WON791,WON791,train,perspective,images/train_000087_perspective_WON791.png,masks/train_000087_perspective_WON791_mask.png,240,80,6
train_000088_compression_ZYX162,ZYX162,train,compression,images/train_000088_compression_ZYX162.png,masks/train_000088_compression_ZYX162_mask.png,240,80,6
train_000089_combo_CGY289,CGY289,train,combo,images/train_000089_combo_CGY289.png,masks/train_000089_combo_CGY289_mask.png,240,80,6
train_000090_clean_UGF987,UGF987,train,clean,images/train_000090_clean_UGF987.png,masks/train_000090_clean_UGF987_mask.png,240,80,6
train_000091_blur_FFF170,FFF170,train,blur,images/train_000091_blur_FFF170.png,masks/train_000091_blur_FFF170_mask.png,240,80,6
train_000092_glare_JQY481,JQY481,train,glare,images/train_000092_glare_JQY481.png,masks/train_000092_glare_JQY481_mask.png,240,80,6
train_000093_touch_VNQ740,VNQ740,train,touch,images/train_000093_touch_VNQ740.png,masks/train_000093_touch_VNQ740_mask.png,240,80,6
train_000094_broken_UED578,UED578,train,broken,images/train_000094_broken_UED578.png,masks/train_000094_broken_UED578_mask.png,240,80,6
train_000095_threshold_HZG441,HZG441,train,threshold,images/train_000095_threshold_HZG441.png,masks/train_000095_threshold_HZG441_mask.png,240,80,6
train_000096_perspective_GRO402,GRO402,train,perspective,images/train_000096_perspective_GRO402.png,masks/train_000096_perspective_GRO402_mask.png,240,80,6
train_000097_compression_QNP888,QNP888,train,compression,images/train_000097_compression_QNP888.png,masks/train_000097_compression_QNP888_mask.png,240,80,6
train_000098_combo_COF347,COF347,train,combo,images/train_000098_combo_COF347.png,masks/train_000098_combo_COF347_mask.png,240,80,6
train_000099_clean_PPF346,PPF346,train,clean,images/train_000099_clean_PPF346.png,masks/train_000099_clean_PPF346_mask.png,240,80,6
train_000100_blur_GAZ449,GAZ449,train,blur,images/train_000100_blur_GAZ449.png,masks/train_000100_blur_GAZ449_mask.png,240,80,6
train_000101_glare_LCR235,LCR235,train,glare,images/train_000101_glare_LCR235.png,masks/train_000101_glare_LCR235_mask.png,240,80,6
train_000102_touch_MFA312,MFA312,train,touch,images/train_000102_touch_MFA312.png,masks/train_000102_touch_MFA312_mask.png,240,80,6
train_000103_broken_TGA008,TGA008,train,broken,images/train_000103_broken_TGA008.png,masks/train_000103_broken_TGA008_mask.png,240,80,6
train_000104_threshold_RQG702,RQG702,train,threshold,images/train_000104_threshold_RQG702.png,masks/train_000104_threshold_RQG702_mask.png,240,80,6
train_000105_perspective_BMR141,BMR141,train,perspective,images/train_000105_perspective_BMR141.png,masks/train_000105_perspective_BMR141_mask.png,240,80,6
train_000106_compression_WVN339,WVN339,train,compression,images/train_000106_compression_WVN339.png,masks/train_000106_compression_WVN339_mask.png,240,80,6
train_000107_combo_PMA238,PMA238,train,combo,images/train_000107_combo_PMA238.png,masks/train_000107_combo_PMA238_mask.png,240,80,6
train_000108_clean_IQS853,IQS853,train,clean,images/train_000108_clean_IQS853.png,masks/train_000108_clean_IQS853_mask.png,240,80,6
train_000109_blur_GIO889,GIO889,train,blur,images/train_000109_blur_GIO889.png,masks/train_000109_blur_GIO889_mask.png,240,80,6
train_000110_glare_BAH751,BAH751,train,glare,images/train_000110_glare_BAH751.png,masks/train_000110_glare_BAH751_mask.png,240,80,6
train_000111_touch_RTE694,RTE694,train,touch,images/train_000111_touch_RTE694.png,masks/train_000111_touch_RTE694_mask.png,240,80,6
train_000112_broken_NVC861,NVC861,train,broken,images/train_000112_broken_NVC861.png,masks/train_000112_broken_NVC861_mask.png,240,80,6
train_000113_threshold_DMF532,DMF532,train,threshold,images/train_000113_threshold_DMF532.png,masks/train_000113_threshold_DMF532_mask.png,240,80,6
train_000114_perspective_FXS324,FXS324,train,perspective,images/train_000114_perspective_FXS324.png,masks/train_000114_perspective_FXS324_mask.png,240,80,6
train_000115_compression_MBA492,MBA492,train,compression,images/train_000115_compression_MBA492.png,masks/train_000115_compression_MBA492_mask.png,240,80,6
train_000116_combo_YKQ906,YKQ906,train,combo,images/train_000116_combo_YKQ906.png,masks/train_000116_combo_YKQ906_mask.png,240,80,6
train_000117_clean_YUD312,YUD312,train,clean,images/train_000117_clean_YUD312.png,masks/train_000117_clean_YUD312_mask.png,240,80,6
train_000118_blur_JUZ823,JUZ823,train,blur,images/train_000118_blur_JUZ823.png,masks/train_000118_blur_JUZ823_mask.png,240,80,6
train_000119_glare_GNR105,GNR105,train,glare,images/train_000119_glare_GNR105.png,masks/train_000119_glare_GNR105_mask.png,240,80,6
train_000120_touch_WQZ320,WQZ320,train,touch,images/train_000120_touch_WQZ320.png,masks/train_000120_touch_WQZ320_mask.png,240,80,6
train_000121_broken_YWU909,YWU909,train,broken,images/train_000121_broken_YWU909.png,masks/train_000121_broken_YWU909_mask.png,240,80,6
train_000122_threshold_AAG199,AAG199,train,threshold,images/train_000122_threshold_AAG199.png,masks/train_000122_threshold_AAG199_mask.png,240,80,6
train_000123_perspective_OJS646,OJS646,train,perspective,images/train_000123_perspective_OJS646.png,masks/train_000123_perspective_OJS646_mask.png,240,80,6
train_000124_compression_JBO647,JBO647,train,compression,images/train_000124_compression_JBO647.png,masks/train_000124_compression_JBO647_mask.png,240,80,6
train_000125_combo_WLU125,WLU125,train,combo,images/train_000125_combo_WLU125.png,masks/train_000125_combo_WLU125_mask.png,240,80,6
train_000126_clean_MID388,MID388,train,clean,images/train_000126_clean_MID388.png,masks/train_000126_clean_MID388_mask.png,240,80,6
train_000127_blur_DNL593,DNL593,train,blur,images/train_000127_blur_DNL593.png,masks/train_000127_blur_DNL593_mask.png,240,80,6
train_000128_glare_HOD988,HOD988,train,glare,images/train_000128_glare_HOD988.png,masks/train_000128_glare_HOD988_mask.png,240,80,6
train_000129_touch_SEL468,SEL468,train,touch,images/train_000129_touch_SEL468.png,masks/train_000129_touch_SEL468_mask.png,240,80,6
train_000130_broken_DPH966,DPH966,train,broken,images/train_000130_broken_DPH966.png,masks/train_000130_broken_DPH966_mask.png,240,80,6
train_000131_threshold_YEA261,YEA261,train,threshold,images/train_000131_threshold_YEA261.png,masks/train_000131_threshold_YEA261_mask.png,240,80,6
train_000132_perspective_TQW061,TQW061,train,perspective,images/train_000132_perspective_TQW061.png,masks/train_000132_perspective_TQW061_mask.png,240,80,6
train_000133_compression_ROM524,ROM524,train,compression,images/train_000133_compression_ROM524.png,masks/train_000133_compression_ROM524_mask.png,240,80,6
train_000134_combo_MVF704,MVF704,train,combo,images/train_000134_combo_MVF704.png,masks/train_000134_combo_MVF704_mask.png,240,80,6
train_000135_clean_WPJ033,WPJ033,train,clean,images/train_000135_clean_WPJ033.png,masks/train_000135_clean_WPJ033_mask.png,240,80,6
train_000136_blur_HOY105,HOY105,train,blur,images/train_000136_blur_HOY105.png,masks/train_000136_blur_HOY105_mask.png,240,80,6
train_000137_glare_WAZ622,WAZ622,train,glare,images/train_000137_glare_WAZ622.png,masks/train_000137_glare_WAZ622_mask.png,240,80,6
train_000138_touch_IXX260,IXX260,train,touch,images/train_000138_touch_IXX260.png,masks/train_000138_touch_IXX260_mask.png,240,80,6
train_000139_broken_UNP159,UNP159,train,broken,images/train_000139_broken_UNP159.png,masks/train_000139_broken_UNP159_mask.png,240,80,6
train_000140_threshold_XAA563,XAA563,train,threshold,images/train_000140_threshold_XAA563.png,masks/train_000140_threshold_XAA563_mask.png,240,80,6
train_000141_perspective_WNM048,WNM048,train,perspective,images/train_000141_perspective_WNM048.png,masks/train_000141_perspective_WNM048_mask.png,240,80,6
train_000142_compression_WSP677,WSP677,train,compression,images/train_000142_compression_WSP677.png,masks/train_000142_compression_WSP677_mask.png,240,80,6
train_000143_combo_WES052,WES052,train,combo,images/train_000143_combo_WES052.png,masks/train_000143_combo_WES052_mask.png,240,80,6
train_000144_clean_XYF751,XYF751,train,clean,images/train_000144_clean_XYF751.png,masks/train_000144_clean_XYF751_mask.png,240,80,6
train_000145_blur_UPH465,UPH465,train,blur,images/train_000145_blur_UPH465.png,masks/train_000145_blur_UPH465_mask.png,240,80,6
train_000146_glare_MYT243,MYT243,train,glare,images/train_000146_glare_MYT243.png,masks/train_000146_glare_MYT243_mask.png,240,80,6
train_000147_touch_VFW261,VFW261,train,touch,images/train_000147_touch_VFW261.png,masks/train_000147_touch_VFW261_mask.png,240,80,6
train_000148_broken_QHI425,QHI425,train,broken,images/train_000148_broken_QHI425.png,masks/train_000148_broken_QHI425_mask.png,240,80,6
train_000149_threshold_OIK055,OIK055,train,threshold,images/train_000149_threshold_OIK055.png,masks/train_000149_threshold_OIK055_mask.png,240,80,6
train_000150_perspective_NEX345,NEX345,train,perspective,images/train_000150_perspective_NEX345.png,masks/train_000150_perspective_NEX345_mask.png,240,80,6
train_000151_compression_FTU878,FTU878,train,compression,images/train_000151_compression_FTU878.png,masks/train_000151_compression_FTU878_mask.png,240,80,6
train_000152_combo_SMK072,SMK072,train,combo,images/train_000152_combo_SMK072.png,masks/train_000152_combo_SMK072_mask.png,240,80,6
train_000153_clean_XMZ041,XMZ041,train,clean,images/train_000153_clean_XMZ041.png,masks/train_000153_clean_XMZ041_mask.png,240,80,6
train_000154_blur_MAR146,MAR146,train,blur,images/train_000154_blur_MAR146.png,masks/train_000154_blur_MAR146_mask.png,240,80,6
train_000155_glare_SXS967,SXS967,train,glare,images/train_000155_glare_SXS967.png,masks/train_000155_glare_SXS967_mask.png,240,80,6
train_000156_touch_RWE074,RWE074,train,touch,images/train_000156_touch_RWE074.png,masks/train_000156_touch_RWE074_mask.png,240,80,6
train_000157_broken_LCK436,LCK436,train,broken,images/train_000157_broken_LCK436.png,masks/train_000157_broken_LCK436_mask.png,240,80,6
train_000158_threshold_DUA876,DUA876,train,threshold,images/train_000158_threshold_DUA876.png,masks/train_000158_threshold_DUA876_mask.png,240,80,6
train_000159_perspective_RCS986,RCS986,train,perspective,images/train_000159_perspective_RCS986.png,masks/train_000159_perspective_RCS986_mask.png,240,80,6
train_000160_compression_PDY503,PDY503,train,compression,images/train_000160_compression_PDY503.png,masks/train_000160_compression_PDY503_mask.png,240,80,6
train_000161_combo_PUS224,PUS224,train,combo,images/train_000161_combo_PUS224.png,masks/train_000161_combo_PUS224_mask.png,240,80,6
train_000162_clean_XYR799,XYR799,train,clean,images/train_000162_clean_XYR799.png,masks/train_000162_clean_XYR799_mask.png,240,80,6
train_000163_blur_DKE991,DKE991,train,blur,images/train_000163_blur_DKE991.png,masks/train_000163_blur_DKE991_mask.png,240,80,6
train_000164_glare_MKV427,MKV427,train,glare,images/train_000164_glare_MKV427.png,masks/train_000164_glare_MKV427_mask.png,240,80,6
train_000165_touch_NZQ181,NZQ181,train,touch,images/train_000165_touch_NZQ181.png,masks/train_000165_touch_NZQ181_mask.png,240,80,6
train_000166_broken_EKK895,EKK895,train,broken,images/train_000166_broken_EKK895.png,masks/train_000166_broken_EKK895_mask.png,240,80,6
train_000167_threshold_TDP538,TDP538,train,threshold,images/train_000167_threshold_TDP538.png,masks/train_000167_threshold_TDP538_mask.png,240,80,6
train_000168_perspective_CBX987,CBX987,train,perspective,images/train_000168_perspective_CBX987.png,masks/train_000168_perspective_CBX987_mask.png,240,80,6
train_000169_compression_YLZ545,YLZ545,train,compression,images/train_000169_compression_YLZ545.png,masks/train_000169_compression_YLZ545_mask.png,240,80,6
train_000170_combo_IML089,IML089,train,combo,images/train_000170_combo_IML089.png,masks/train_000170_combo_IML089_mask.png,240,80,6
train_000171_clean_YSL030,YSL030,train,clean,images/train_000171_clean_YSL030.png,masks/train_000171_clean_YSL030_mask.png,240,80,6
train_000172_blur_YLT578,YLT578,train,blur,images/train_000172_blur_YLT578.png,masks/train_000172_blur_YLT578_mask.png,240,80,6
train_000173_glare_KQU954,KQU954,train,glare,images/train_000173_glare_KQU954.png,masks/train_000173_glare_KQU954_mask.png,240,80,6
train_000174_touch_UQN521,UQN521,train,touch,images/train_000174_touch_UQN521.png,masks/train_000174_touch_UQN521_mask.png,240,80,6
train_000175_broken_STS314,STS314,train,broken,images/train_000175_broken_STS314.png,masks/train_000175_broken_STS314_mask.png,240,80,6
train_000176_threshold_KFP727,KFP727,train,threshold,images/train_000176_threshold_KFP727.png,masks/train_000176_threshold_KFP727_mask.png,240,80,6
train_000177_perspective_LVO765,LVO765,train,perspective,images/train_000177_perspective_LVO765.png,masks/train_000177_perspective_LVO765_mask.png,240,80,6
train_000178_compression_BMN705,BMN705,train,compression,images/train_000178_compression_BMN705.png,masks/train_000178_compression_BMN705_mask.png,240,80,6
train_000179_combo_VMT791,VMT791,train,combo,images/train_000179_combo_VMT791.png,masks/train_000179_combo_VMT791_mask.png,240,80,6
train_000180_clean_JSI679,JSI679,train,clean,images/train_000180_clean_JSI679.png,masks/train_000180_clean_JSI679_mask.png,240,80,6
train_000181_blur_RZJ967,RZJ967,train,blur,images/train_000181_blur_RZJ967.png,masks/train_000181_blur_RZJ967_mask.png,240,80,6
train_000182_glare_JIU734,JIU734,train,glare,images/train_000182_glare_JIU734.png,masks/train_000182_glare_JIU734_mask.png,240,80,6
train_000183_touch_DKN980,DKN980,train,touch,images/train_000183_touch_DKN980.png,masks/train_000183_touch_DKN980_mask.png,240,80,6
train_000184_broken_RRG499,RRG499,train,broken,images/train_000184_broken_RRG499.png,masks/train_000184_broken_RRG499_mask.png,240,80,6
train_000185_threshold_DNV010,DNV010,train,threshold,images/train_000185_threshold_DNV010.png,masks/train_000185_threshold_DNV010_mask.png,240,80,6
train_000186_perspective_VVA990,VVA990,train,perspective,images/train_000186_perspective_VVA990.png,masks/train_000186_perspective_VVA990_mask.png,240,80,6
train_000187_compression_NXT221,NXT221,train,compression,images/train_000187_compression_NXT221.png,masks/train_000187_compression_NXT221_mask.png,240,80,6
train_000188_combo_LNC274,LNC274,train,combo,images/train_000188_combo_LNC274.png,masks/train_000188_combo_LNC274_mask.png,240,80,6
train_000189_clean_BDX897,BDX897,train,clean,images/train_000189_clean_BDX897.png,masks/train_000189_clean_BDX897_mask.png,240,80,6
train_000190_blur_CKT424,CKT424,train,blur,images/train_000190_blur_CKT424.png,masks/train_000190_blur_CKT424_mask.png,240,80,6
train_000191_glare_INN419,INN419,train,glare,images/train_000191_glare_INN419.png,masks/train_000191_glare_INN419_mask.png,240,80,6
train_000192_touch_CFF104,CFF104,train,touch,images/train_000192_touch_CFF104.png,masks/train_000192_touch_CFF104_mask.png,240,80,6
train_000193_broken_FHB480,FHB480,train,broken,images/train_000193_broken_FHB480.png,masks/train_000193_broken_FHB480_mask.png,240,80,6
train_000194_threshold_EHJ333,EHJ333,train,threshold,images/train_000194_threshold_EHJ333.png,masks/train_000194_threshold_EHJ333_mask.png,240,80,6
train_000195_perspective_JHP132,JHP132,train,perspective,images/train_000195_perspective_JHP132.png,masks/train_000195_perspective_JHP132_mask.png,240,80,6
train_000196_compression_JEQ028,JEQ028,train,compression,images/train_000196_compression_JEQ028.png,masks/train_000196_compression_JEQ028_mask.png,240,80,6
train_000197_combo_PYP005,PYP005,train,combo,images/train_000197_combo_PYP005.png,masks/train_000197_combo_PYP005_mask.png,240,80,6
train_000198_clean_ERJ070,ERJ070,train,clean,images/train_000198_clean_ERJ070.png,masks/train_000198_clean_ERJ070_mask.png,240,80,6
train_000199_blur_EMA024,EMA024,train,blur,images/train_000199_blur_EMA024.png,masks/train_000199_blur_EMA024_mask.png,240,80,6
train_000200_glare_TZL308,TZL308,train,glare,images/train_000200_glare_TZL308.png,masks/train_000200_glare_TZL308_mask.png,240,80,6
train_000201_touch_WRS372,WRS372,train,touch,images/train_000201_touch_WRS372.png,masks/train_000201_touch_WRS372_mask.png,240,80,6
train_000202_broken_TUY145,TUY145,train,broken,images/train_000202_broken_TUY145.png,masks/train_000202_broken_TUY145_mask.png,240,80,6
train_000203_threshold_KKM702,KKM702,train,threshold,images/train_000203_threshold_KKM702.png,masks/train_000203_threshold_KKM702_mask.png,240,80,6
train_000204_perspective_ZZP458,ZZP458,train,perspective,images/train_000204_perspective_ZZP458.png,masks/train_000204_perspective_ZZP458_mask.png,240,80,6
train_000205_compression_NCB899,NCB899,train,compression,images/train_000205_compression_NCB899.png,masks/train_000205_compression_NCB899_mask.png,240,80,6
train_000206_combo_IWK551,IWK551,train,combo,images/train_000206_combo_IWK551.png,masks/train_000206_combo_IWK551_mask.png,240,80,6
train_000207_clean_QSJ012,QSJ012,train,clean,images/train_000207_clean_QSJ012.png,masks/train_000207_clean_QSJ012_mask.png,240,80,6
train_000208_blur_XBG665,XBG665,train,blur,images/train_000208_blur_XBG665.png,masks/train_000208_blur_XBG665_mask.png,240,80,6
train_000209_glare_IHS318,IHS318,train,glare,images/train_000209_glare_IHS318.png,masks/train_000209_glare_IHS318_mask.png,240,80,6
train_000210_touch_ULQ187,ULQ187,train,touch,images/train_000210_touch_ULQ187.png,masks/train_000210_touch_ULQ187_mask.png,240,80,6
train_000211_broken_HUO547,HUO547,train,broken,images/train_000211_broken_HUO547.png,masks/train_000211_broken_HUO547_mask.png,240,80,6
train_000212_threshold_CVB556,CVB556,train,threshold,images/train_000212_threshold_CVB556.png,masks/train_000212_threshold_CVB556_mask.png,240,80,6
train_000213_perspective_DWP959,DWP959,train,perspective,images/train_000213_perspective_DWP959.png,masks/train_000213_perspective_DWP959_mask.png,240,80,6
train_000214_compression_FXC306,FXC306,train,compression,images/train_000214_compression_FXC306.png,masks/train_000214_compression_FXC306_mask.png,240,80,6
train_000215_combo_UTF280,UTF280,train,combo,images/train_000215_combo_UTF280.png,masks/train_000215_combo_UTF280_mask.png,240,80,6
train_000216_clean_OXS674,OXS674,train,clean,images/train_000216_clean_OXS674.png,masks/train_000216_clean_OXS674_mask.png,240,80,6
train_000217_blur_OXF667,OXF667,train,blur,images/train_000217_blur_OXF667.png,masks/train_000217_blur_OXF667_mask.png,240,80,6
train_000218_glare_NZE952,NZE952,train,glare,images/train_000218_glare_NZE952.png,masks/train_000218_glare_NZE952_mask.png,240,80,6
train_000219_touch_CQP876,CQP876,train,touch,images/train_000219_touch_CQP876.png,masks/train_000219_touch_CQP876_mask.png,240,80,6
train_000220_broken_MSR453,MSR453,train,broken,images/train_000220_broken_MSR453.png,masks/train_000220_broken_MSR453_mask.png,240,80,6
train_000221_threshold_RIW699,RIW699,train,threshold,images/train_000221_threshold_RIW699.png,masks/train_000221_threshold_RIW699_mask.png,240,80,6
train_000222_perspective_HPY248,HPY248,train,perspective,images/train_000222_perspective_HPY248.png,masks/train_000222_perspective_HPY248_mask.png,240,80,6
train_000223_compression_IMG730,IMG730,train,compression,images/train_000223_compression_IMG730.png,masks/train_000223_compression_IMG730_mask.png,240,80,6
train_000224_combo_NOD209,NOD209,train,combo,images/train_000224_combo_NOD209.png,masks/train_000224_combo_NOD209_mask.png,240,80,6
train_000225_clean_GQR689,GQR689,train,clean,images/train_000225_clean_GQR689.png,masks/train_000225_clean_GQR689_mask.png,240,80,6
train_000226_blur_SHO928,SHO928,train,blur,images/train_000226_blur_SHO928.png,masks/train_000226_blur_SHO928_mask.png,240,80,6
train_000227_glare_UBP247,UBP247,train,glare,images/train_000227_glare_UBP247.png,masks/train_000227_glare_UBP247_mask.png,240,80,6
train_000228_touch_KAY711,KAY711,train,touch,images/train_000228_touch_KAY711.png,masks/train_000228_touch_KAY711_mask.png,240,80,6
train_000229_broken_UCO959,UCO959,train,broken,images/train_000229_broken_UCO959.png,masks/train_000229_broken_UCO959_mask.png,240,80,6
train_000230_threshold_KZE032,KZE032,train,threshold,images/train_000230_threshold_KZE032.png,masks/train_000230_threshold_KZE032_mask.png,240,80,6
train_000231_perspective_MYM031,MYM031,train,perspective,images/train_000231_perspective_MYM031.png,masks/train_000231_perspective_MYM031_mask.png,240,80,6
train_000232_compression_LUV001,LUV001,train,compression,images/train_000232_compression_LUV001.png,masks/train_000232_compression_LUV001_mask.png,240,80,6
train_000233_combo_RGM829,RGM829,train,combo,images/train_000233_combo_RGM829.png,masks/train_000233_combo_RGM829_mask.png,240,80,6
train_000234_clean_RGA825,RGA825,train,clean,images/train_000234_clean_RGA825.png,masks/train_000234_clean_RGA825_mask.png,240,80,6
train_000235_blur_CSN838,CSN838,train,blur,images/train_000235_blur_CSN838.png,masks/train_000235_blur_CSN838_mask.png,240,80,6
train_000236_glare_FOL303,FOL303,train,glare,images/train_000236_glare_FOL303.png,masks/train_000236_glare_FOL303_mask.png,240,80,6
train_000237_touch_LPP831,LPP831,train,touch,images/train_000237_touch_LPP831.png,masks/train_000237_touch_LPP831_mask.png,240,80,6
train_000238_broken_VBZ865,VBZ865,train,broken,images/train_000238_broken_VBZ865.png,masks/train_000238_broken_VBZ865_mask.png,240,80,6
train_000239_threshold_WUO031,WUO031,train,threshold,images/train_000239_threshold_WUO031.png,masks/train_000239_threshold_WUO031_mask.png,240,80,6
train_000240_perspective_QSV628,QSV628,train,perspective,images/train_000240_perspective_QSV628.png,masks/train_000240_perspective_QSV628_mask.png,240,80,6
train_000241_compression_LQJ857,LQJ857,train,compression,images/train_000241_compression_LQJ857.png,masks/train_000241_compression_LQJ857_mask.png,240,80,6
train_000242_combo_DIA740,DIA740,train,combo,images/train_000242_combo_DIA740.png,masks/train_000242_combo_DIA740_mask.png,240,80,6
train_000243_clean_VMH224,VMH224,train,clean,images/train_000243_clean_VMH224.png,masks/train_000243_clean_VMH224_mask.png,240,80,6
train_000244_blur_CVH883,CVH883,train,blur,images/train_000244_blur_CVH883.png,masks/train_000244_blur_CVH883_mask.png,240,80,6
train_000245_glare_AES328,AES328,train,glare,images/train_000245_glare_AES328.png,masks/train_000245_glare_AES328_mask.png,240,80,6
train_000246_touch_OEM232,OEM232,train,touch,images/train_000246_touch_OEM232.png,masks/train_000246_touch_OEM232_mask.png,240,80,6
train_000247_broken_SNH660,SNH660,train,broken,images/train_000247_broken_SNH660.png,masks/train_000247_broken_SNH660_mask.png,240,80,6
train_000248_threshold_JNM293,JNM293,train,threshold,images/train_000248_threshold_JNM293.png,masks/train_000248_threshold_JNM293_mask.png,240,80,6
train_000249_perspective_UEE552,UEE552,train,perspective,images/train_000249_perspective_UEE552.png,masks/train_000249_perspective_UEE552_mask.png,240,80,6
train_000250_compression_RGV101,RGV101,train,compression,images/train_000250_compression_RGV101.png,masks/train_000250_compression_RGV101_mask.png,240,80,6
train_000251_combo_QIK477,QIK477,train,combo,images/train_000251_combo_QIK477.png,masks/train_000251_combo_QIK477_mask.png,240,80,6
train_000252_clean_QVI850,QVI850,train,clean,images/train_000252_clean_QVI850.png,masks/train_000252_clean_QVI850_mask.png,240,80,6
train_000253_blur_ERH966,ERH966,train,blur,images/train_000253_blur_ERH966.png,masks/train_000253_blur_ERH966_mask.png,240,80,6
train_000254_glare_ZNP328,ZNP328,train,glare,images/train_000254_glare_ZNP328.png,masks/train_000254_glare_ZNP328_mask.png,240,80,6
train_000255_touch_MBB675,MBB675,train,touch,images/train_000255_touch_MBB675.png,masks/train_000255_touch_MBB675_mask.png,240,80,6
train_000256_broken_VYA764,VYA764,train,broken,images/train_000256_broken_VYA764.png,masks/train_000256_broken_VYA764_mask.png,240,80,6
train_000257_threshold_GRW166,GRW166,train,threshold,images/train_000257_threshold_GRW166.png,masks/train_000257_threshold_GRW166_mask.png,240,80,6
train_000258_perspective_KYK612,KYK612,train,perspective,images/train_000258_perspective_KYK612.png,masks/train_000258_perspective_KYK612_mask.png,240,80,6
train_000259_compression_GNR474,GNR474,train,compression,images/train_000259_compression_GNR474.png,masks/train_000259_compression_GNR474_mask.png,240,80,6
train_000260_combo_ALM281,ALM281,train,combo,images/train_000260_combo_ALM281.png,masks/train_000260_combo_ALM281_mask.png,240,80,6
train_000261_clean_YYR743,YYR743,train,clean,images/train_000261_clean_YYR743.png,masks/train_000261_clean_YYR743_mask.png,240,80,6
train_000262_blur_JZJ646,JZJ646,train,blur,images/train_000262_blur_JZJ646.png,masks/train_000262_blur_JZJ646_mask.png,240,80,6
train_000263_glare_WSC681,WSC681,train,glare,images/train_000263_glare_WSC681.png,masks/train_000263_glare_WSC681_mask.png,240,80,6
train_000264_touch_YNB550,YNB550,train,touch,images/train_000264_touch_YNB550.png,masks/train_000264_touch_YNB550_mask.png,240,80,6
train_000265_broken_KNF353,KNF353,train,broken,images/train_000265_broken_KNF353.png,masks/train_000265_broken_KNF353_mask.png,240,80,6
train_000266_threshold_BTP799,BTP799,train,threshold,images/train_000266_threshold_BTP799.png,masks/train_000266_threshold_BTP799_mask.png,240,80,6
train_000267_perspective_IIK414,IIK414,train,perspective,images/train_000267_perspective_IIK414.png,masks/train_000267_perspective_IIK414_mask.png,240,80,6
train_000268_compression_ZCG746,ZCG746,train,compression,images/train_000268_compression_ZCG746.png,masks/train_000268_compression_ZCG746_mask.png,240,80,6
train_000269_combo_RNW018,RNW018,train,combo,images/train_000269_combo_RNW018.png,masks/train_000269_combo_RNW018_mask.png,240,80,6
train_000270_clean_MMF842,MMF842,train,clean,images/train_000270_clean_MMF842.png,masks/train_000270_clean_MMF842_mask.png,240,80,6
train_000271_blur_GQN958,GQN958,train,blur,images/train_000271_blur_GQN958.png,masks/train_000271_blur_GQN958_mask.png,240,80,6
train_000272_glare_UJO009,UJO009,train,glare,images/train_000272_glare_UJO009.png,masks/train_000272_glare_UJO009_mask.png,240,80,6
train_000273_touch_WNI087,WNI087,train,touch,images/train_000273_touch_WNI087.png,masks/train_000273_touch_WNI087_mask.png,240,80,6
train_000274_broken_YGH744,YGH744,train,broken,images/train_000274_broken_YGH744.png,masks/train_000274_broken_YGH744_mask.png,240,80,6
train_000275_threshold_XIU226,XIU226,train,threshold,images/train_000275_threshold_XIU226.png,masks/train_000275_threshold_XIU226_mask.png,240,80,6
train_000276_perspective_YLW624,YLW624,train,perspective,images/train_000276_perspective_YLW624.png,masks/train_000276_perspective_YLW624_mask.png,240,80,6
train_000277_compression_TVY084,TVY084,train,compression,images/train_000277_compression_TVY084.png,masks/train_000277_compression_TVY084_mask.png,240,80,6
train_000278_combo_KJS423,KJS423,train,combo,images/train_000278_combo_KJS423.png,masks/train_000278_combo_KJS423_mask.png,240,80,6
train_000279_clean_RCE692,RCE692,train,clean,images/train_000279_clean_RCE692.png,masks/train_000279_clean_RCE692_mask.png,240,80,6
train_000280_blur_YEL847,YEL847,train,blur,images/train_000280_blur_YEL847.png,masks/train_000280_blur_YEL847_mask.png,240,80,6
train_000281_glare_UXV339,UXV339,train,glare,images/train_000281_glare_UXV339.png,masks/train_000281_glare_UXV339_mask.png,240,80,6
train_000282_touch_PUU089,PUU089,train,touch,images/train_000282_touch_PUU089.png,masks/train_000282_touch_PUU089_mask.png,240,80,6
train_000283_broken_TIC066,TIC066,train,broken,images/train_000283_broken_TIC066.png,masks/train_000283_broken_TIC066_mask.png,240,80,6
train_000284_threshold_KYK097,KYK097,train,threshold,images/train_000284_threshold_KYK097.png,masks/train_000284_threshold_KYK097_mask.png,240,80,6
train_000285_perspective_GGS968,GGS968,train,perspective,images/train_000285_perspective_GGS968.png,masks/train_000285_perspective_GGS968_mask.png,240,80,6
train_000286_compression_SNZ035,SNZ035,train,compression,images/train_000286_compression_SNZ035.png,masks/train_000286_compression_SNZ035_mask.png,240,80,6
train_000287_combo_RKW888,RKW888,train,combo,images/train_000287_combo_RKW888.png,masks/train_000287_combo_RKW888_mask.png,240,80,6
train_000288_clean_OMO621,OMO621,train,clean,images/train_000288_clean_OMO621.png,masks/train_000288_clean_OMO621_mask.png,240,80,6
train_000289_blur_PFZ747,PFZ747,train,blur,images/train_000289_blur_PFZ747.png,masks/train_000289_blur_PFZ747_mask.png,240,80,6
train_000290_glare_PWN640,PWN640,train,glare,images/train_000290_glare_PWN640.png,masks/train_000290_glare_PWN640_mask.png,240,80,6
train_000291_touch_SRN613,SRN613,train,touch,images/train_000291_touch_SRN613.png,masks/train_000291_touch_SRN613_mask.png,240,80,6
train_000292_broken_JML408,JML408,train,broken,images/train_000292_broken_JML408.png,masks/train_000292_broken_JML408_mask.png,240,80,6
train_000293_threshold_AVB806,AVB806,train,threshold,images/train_000293_threshold_AVB806.png,masks/train_000293_threshold_AVB806_mask.png,240,80,6
train_000294_perspective_UYT988,UYT988,train,perspective,images/train_000294_perspective_UYT988.png,masks/train_000294_perspective_UYT988_mask.png,240,80,6
train_000295_compression_IXU706,IXU706,train,compression,images/train_000295_compression_IXU706.png,masks/train_000295_compression_IXU706_mask.png,240,80,6
train_000296_combo_BWD797,BWD797,train,combo,images/train_000296_combo_BWD797.png,masks/train_000296_combo_BWD797_mask.png,240,80,6
train_000297_clean_VFV515,VFV515,train,clean,images/train_000297_clean_VFV515.png,masks/train_000297_clean_VFV515_mask.png,240,80,6
train_000298_blur_YTB481,YTB481,train,blur,images/train_000298_blur_YTB481.png,masks/train_000298_blur_YTB481_mask.png,240,80,6
train_000299_glare_UAC742,UAC742,train,glare,images/train_000299_glare_UAC742.png,masks/train_000299_glare_UAC742_mask.png,240,80,6
train_000300_touch_OSC962,OSC962,train,touch,images/train_000300_touch_OSC962.png,masks/train_000300_touch_OSC962_mask.png,240,80,6
train_000301_broken_PNE600,PNE600,train,broken,images/train_000301_broken_PNE600.png,masks/train_000301_broken_PNE600_mask.png,240,80,6
train_000302_threshold_ZER921,ZER921,train,threshold,images/train_000302_threshold_ZER921.png,masks/train_000302_threshold_ZER921_mask.png,240,80,6
train_000303_perspective_YET411,YET411,train,perspective,images/train_000303_perspective_YET411.png,masks/train_000303_perspective_YET411_mask.png,240,80,6
train_000304_compression_BLV309,BLV309,train,compression,images/train_000304_compression_BLV309.png,masks/train_000304_compression_BLV309_mask.png,240,80,6
train_000305_combo_OOX118,OOX118,train,combo,images/train_000305_combo_OOX118.png,masks/train_000305_combo_OOX118_mask.png,240,80,6
train_000306_clean_BLP802,BLP802,train,clean,images/train_000306_clean_BLP802.png,masks/train_000306_clean_BLP802_mask.png,240,80,6
train_000307_blur_LEQ151,LEQ151,train,blur,images/train_000307_blur_LEQ151.png,masks/train_000307_blur_LEQ151_mask.png,240,80,6
train_000308_glare_PCQ437,PCQ437,train,glare,images/train_000308_glare_PCQ437.png,masks/train_000308_glare_PCQ437_mask.png,240,80,6
train_000309_touch_LQV497,LQV497,train,touch,images/train_000309_touch_LQV497.png,masks/train_000309_touch_LQV497_mask.png,240,80,6
train_000310_broken_SVT931,SVT931,train,broken,images/train_000310_broken_SVT931.png,masks/train_000310_broken_SVT931_mask.png,240,80,6
train_000311_threshold_ZVQ115,ZVQ115,train,threshold,images/train_000311_threshold_ZVQ115.png,masks/train_000311_threshold_ZVQ115_mask.png,240,80,6
train_000312_perspective_ROA032,ROA032,train,perspective,images/train_000312_perspective_ROA032.png,masks/train_000312_perspective_ROA032_mask.png,240,80,6
train_000313_compression_SUL159,SUL159,train,compression,images/train_000313_compression_SUL159.png,masks/train_000313_compression_SUL159_mask.png,240,80,6
train_000314_combo_YTK270,YTK270,train,combo,images/train_000314_combo_YTK270.png,masks/train_000314_combo_YTK270_mask.png,240,80,6
train_000315_clean_LMY160,LMY160,train,clean,images/train_000315_clean_LMY160.png,masks/train_000315_clean_LMY160_mask.png,240,80,6
train_000316_blur_CEV569,CEV569,train,blur,images/train_000316_blur_CEV569.png,masks/train_000316_blur_CEV569_mask.png,240,80,6
train_000317_glare_PAN949,PAN949,train,glare,images/train_000317_glare_PAN949.png,masks/train_000317_glare_PAN949_mask.png,240,80,6
train_000318_touch_YSE103,YSE103,train,touch,images/train_000318_touch_YSE103.png,masks/train_000318_touch_YSE103_mask.png,240,80,6
train_000319_broken_QPN834,QPN834,train,broken,images/train_000319_broken_QPN834.png,masks/train_000319_broken_QPN834_mask.png,240,80,6
train_000320_threshold_UHD560,UHD560,train,threshold,images/train_000320_threshold_UHD560.png,masks/train_000320_threshold_UHD560_mask.png,240,80,6
train_000321_perspective_DXP769,DXP769,train,perspective,images/train_000321_perspective_DXP769.png,masks/train_000321_perspective_DXP769_mask.png,240,80,6
train_000322_compression_OGC925,OGC925,train,compression,images/train_000322_compression_OGC925.png,masks/train_000322_compression_OGC925_mask.png,240,80,6
train_000323_combo_ZQN226,ZQN226,train,combo,images/train_000323_combo_ZQN226.png,masks/train_000323_combo_ZQN226_mask.png,240,80,6
train_000324_clean_KPX722,KPX722,train,clean,images/train_000324_clean_KPX722.png,masks/train_000324_clean_KPX722_mask.png,240,80,6
train_000325_blur_KTT497,KTT497,train,blur,images/train_000325_blur_KTT497.png,masks/train_000325_blur_KTT497_mask.png,240,80,6
train_000326_glare_BKX455,BKX455,train,glare,images/train_000326_glare_BKX455.png,masks/train_000326_glare_BKX455_mask.png,240,80,6
train_000327_touch_GIA396,GIA396,train,touch,images/train_000327_touch_GIA396.png,masks/train_000327_touch_GIA396_mask.png,240,80,6
train_000328_broken_HVE004,HVE004,train,broken,images/train_000328_broken_HVE004.png,masks/train_000328_broken_HVE004_mask.png,240,80,6
train_000329_threshold_TQI217,TQI217,train,threshold,images/train_000329_threshold_TQI217.png,masks/train_000329_threshold_TQI217_mask.png,240,80,6
train_000330_perspective_IMJ361,IMJ361,train,perspective,images/train_000330_perspective_IMJ361.png,masks/train_000330_perspective_IMJ361_mask.png,240,80,6
train_000331_compression_HEG985,HEG985,train,compression,images/train_000331_compression_HEG985.png,masks/train_000331_compression_HEG985_mask.png,240,80,6
train_000332_combo_RVP667,RVP667,train,combo,images/train_000332_combo_RVP667.png,masks/train_000332_combo_RVP667_mask.png,240,80,6
train_000333_clean_XZI511,XZI511,train,clean,images/train_000333_clean_XZI511.png,masks/train_000333_clean_XZI511_mask.png,240,80,6
train_000334_blur_RYS708,RYS708,train,blur,images/train_000334_blur_RYS708.png,masks/train_000334_blur_RYS708_mask.png,240,80,6
train_000335_glare_LXH533,LXH533,train,glare,images/train_000335_glare_LXH533.png,masks/train_000335_glare_LXH533_mask.png,240,80,6
train_000336_touch_UPW204,UPW204,train,touch,images/train_000336_touch_UPW204.png,masks/train_000336_touch_UPW204_mask.png,240,80,6
train_000337_broken_XDD190,XDD190,train,broken,images/train_000337_broken_XDD190.png,masks/train_000337_broken_XDD190_mask.png,240,80,6
train_000338_threshold_FPS529,FPS529,train,threshold,images/train_000338_threshold_FPS529.png,masks/train_000338_threshold_FPS529_mask.png,240,80,6
train_000339_perspective_EQO870,EQO870,train,perspective,images/train_000339_perspective_EQO870.png,masks/train_000339_perspective_EQO870_mask.png,240,80,6
train_000340_compression_DSQ628,DSQ628,train,compression,images/train_000340_compression_DSQ628.png,masks/train_000340_compression_DSQ628_mask.png,240,80,6
train_000341_combo_HDK956,HDK956,train,combo,images/train_000341_combo_HDK956.png,masks/train_000341_combo_HDK956_mask.png,240,80,6
train_000342_clean_TMI702,TMI702,train,clean,images/train_000342_clean_TMI702.png,masks/train_000342_clean_TMI702_mask.png,240,80,6
train_000343_blur_GVU176,GVU176,train,blur,images/train_000343_blur_GVU176.png,masks/train_000343_blur_GVU176_mask.png,240,80,6
train_000344_glare_CCH798,CCH798,train,glare,images/train_000344_glare_CCH798.png,masks/train_000344_glare_CCH798_mask.png,240,80,6
train_000345_touch_ZWP691,ZWP691,train,touch,images/train_000345_touch_ZWP691.png,masks/train_000345_touch_ZWP691_mask.png,240,80,6
train_000346_broken_BLS036,BLS036,train,broken,images/train_000346_broken_BLS036.png,masks/train_000346_broken_BLS036_mask.png,240,80,6
train_000347_threshold_KOF008,KOF008,train,threshold,images/train_000347_threshold_KOF008.png,masks/train_000347_threshold_KOF008_mask.png,240,80,6
train_000348_perspective_WMN190,WMN190,train,perspective,images/train_000348_perspective_WMN190.png,masks/train_000348_perspective_WMN190_mask.png,240,80,6
train_000349_compression_RLN986,RLN986,train,compression,images/train_000349_compression_RLN986.png,masks/train_000349_compression_RLN986_mask.png,240,80,6
train_000350_combo_VZU843,VZU843,train,combo,images/train_000350_combo_VZU843.png,masks/train_000350_combo_VZU843_mask.png,240,80,6
train_000351_clean_OWL004,OWL004,train,clean,images/train_000351_clean_OWL004.png,masks/train_000351_clean_OWL004_mask.png,240,80,6
train_000352_blur_MIL808,MIL808,train,blur,images/train_000352_blur_MIL808.png,masks/train_000352_blur_MIL808_mask.png,240,80,6
train_000353_glare_SJL297,SJL297,train,glare,images/train_000353_glare_SJL297.png,masks/train_000353_glare_SJL297_mask.png,240,80,6
train_000354_touch_UAC969,UAC969,train,touch,images/train_000354_touch_UAC969.png,masks/train_000354_touch_UAC969_mask.png,240,80,6
train_000355_broken_YKM060,YKM060,train,broken,images/train_000355_broken_YKM060.png,masks/train_000355_broken_YKM060_mask.png,240,80,6
train_000356_threshold_RRT110,RRT110,train,threshold,images/train_000356_threshold_RRT110.png,masks/train_000356_threshold_RRT110_mask.png,240,80,6
train_000357_perspective_YXY488,YXY488,train,perspective,images/train_000357_perspective_YXY488.png,masks/train_000357_perspective_YXY488_mask.png,240,80,6
train_000358_compression_WAJ099,WAJ099,train,compression,images/train_000358_compression_WAJ099.png,masks/train_000358_compression_WAJ099_mask.png,240,80,6
train_000359_combo_JKD158,JKD158,train,combo,images/train_000359_combo_JKD158.png,masks/train_000359_combo_JKD158_mask.png,240,80,6
train_000360_clean_OIO960,OIO960,train,clean,images/train_000360_clean_OIO960.png,masks/train_000360_clean_OIO960_mask.png,240,80,6
train_000361_blur_WEP907,WEP907,train,blur,images/train_000361_blur_WEP907.png,masks/train_000361_blur_WEP907_mask.png,240,80,6
train_000362_glare_FBO778,FBO778,train,glare,images/train_000362_glare_FBO778.png,masks/train_000362_glare_FBO778_mask.png,240,80,6
train_000363_touch_KYJ991,KYJ991,train,touch,images/train_000363_touch_KYJ991.png,masks/train_000363_touch_KYJ991_mask.png,240,80,6
train_000364_broken_BAK344,BAK344,train,broken,images/train_000364_broken_BAK344.png,masks/train_000364_broken_BAK344_mask.png,240,80,6
train_000365_threshold_IGI209,IGI209,train,threshold,images/train_000365_threshold_IGI209.png,masks/train_000365_threshold_IGI209_mask.png,240,80,6
train_000366_perspective_FFH197,FFH197,train,perspective,images/train_000366_perspective_FFH197.png,masks/train_000366_perspective_FFH197_mask.png,240,80,6
train_000367_compression_WNV745,WNV745,train,compression,images/train_000367_compression_WNV745.png,masks/train_000367_compression_WNV745_mask.png,240,80,6
train_000368_combo_QRO890,QRO890,train,combo,images/train_000368_combo_QRO890.png,masks/train_000368_combo_QRO890_mask.png,240,80,6
train_000369_clean_MAM013,MAM013,train,clean,images/train_000369_clean_MAM013.png,masks/train_000369_clean_MAM013_mask.png,240,80,6
train_000370_blur_CHT053,CHT053,train,blur,images/train_000370_blur_CHT053.png,masks/train_000370_blur_CHT053_mask.png,240,80,6
train_000371_glare_WFM563,WFM563,train,glare,images/train_000371_glare_WFM563.png,masks/train_000371_glare_WFM563_mask.png,240,80,6
train_000372_touch_QWA995,QWA995,train,touch,images/train_000372_touch_QWA995.png,masks/train_000372_touch_QWA995_mask.png,240,80,6
train_000373_broken_QJL262,QJL262,train,broken,images/train_000373_broken_QJL262.png,masks/train_000373_broken_QJL262_mask.png,240,80,6
train_000374_threshold_HQA412,HQA412,train,threshold,images/train_000374_threshold_HQA412.png,masks/train_000374_threshold_HQA412_mask.png,240,80,6
train_000375_perspective_MTS744,MTS744,train,perspective,images/train_000375_perspective_MTS744.png,masks/train_000375_perspective_MTS744_mask.png,240,80,6
train_000376_compression_PZK122,PZK122,train,compression,images/train_000376_compression_PZK122.png,masks/train_000376_compression_PZK122_mask.png,240,80,6
train_000377_combo_BDU946,BDU946,train,combo,images/train_000377_combo_BDU946.png,masks/train_000377_combo_BDU946_mask.png,240,80,6
train_000378_clean_XSG349,XSG349,train,clean,images/train_000378_clean_XSG349.png,masks/train_000378_clean_XSG349_mask.png,240,80,6
train_000379_blur_NNE523,NNE523,train,blur,images/train_000379_blur_NNE523.png,masks/train_000379_blur_NNE523_mask.png,240,80,6
train_000380_glare_AUS531,AUS531,train,glare,images/train_000380_glare_AUS531.png,masks/train_000380_glare_AUS531_mask.png,240,80,6
train_000381_touch_DVG113,DVG113,train,touch,images/train_000381_touch_DVG113.png,masks/train_000381_touch_DVG113_mask.png,240,80,6
train_000382_broken_RTS418,RTS418,train,broken,images/train_000382_broken_RTS418.png,masks/train_000382_broken_RTS418_mask.png,240,80,6
train_000383_threshold_IHN711,IHN711,train,threshold,images/train_000383_threshold_IHN711.png,masks/train_000383_threshold_IHN711_mask.png,240,80,6
train_000384_perspective_PCB614,PCB614,train,perspective,images/train_000384_perspective_PCB614.png,masks/train_000384_perspective_PCB614_mask.png,240,80,6
train_000385_compression_AQN957,AQN957,train,compression,images/train_000385_compression_AQN957.png,masks/train_000385_compression_AQN957_mask.png,240,80,6
train_000386_combo_LKR271,LKR271,train,combo,images/train_000386_combo_LKR271.png,masks/train_000386_combo_LKR271_mask.png,240,80,6
train_000387_clean_PFN730,PFN730,train,clean,images/train_000387_clean_PFN730.png,masks/train_000387_clean_PFN730_mask.png,240,80,6
train_000388_blur_LGP197,LGP197,train,blur,images/train_000388_blur_LGP197.png,masks/train_000388_blur_LGP197_mask.png,240,80,6
train_000389_glare_YCI697,YCI697,train,glare,images/train_000389_glare_YCI697.png,masks/train_000389_glare_YCI697_mask.png,240,80,6
train_000390_touch_NHP508,NHP508,train,touch,images/train_000390_touch_NHP508.png,masks/train_000390_touch_NHP508_mask.png,240,80,6
train_000391_broken_NLC716,NLC716,train,broken,images/train_000391_broken_NLC716.png,masks/train_000391_broken_NLC716_mask.png,240,80,6
train_000392_threshold_XDU958,XDU958,train,threshold,images/train_000392_threshold_XDU958.png,masks/train_000392_threshold_XDU958_mask.png,240,80,6
train_000393_perspective_MLC118,MLC118,train,perspective,images/train_000393_perspective_MLC118.png,masks/train_000393_perspective_MLC118_mask.png,240,80,6
train_000394_compression_KPU778,KPU778,train,compression,images/train_000394_compression_KPU778.png,masks/train_000394_compression_KPU778_mask.png,240,80,6
train_000395_combo_WAA937,WAA937,train,combo,images/train_000395_combo_WAA937.png,masks/train_000395_combo_WAA937_mask.png,240,80,6
train_000396_clean_ERY124,ERY124,train,clean,images/train_000396_clean_ERY124.png,masks/train_000396_clean_ERY124_mask.png,240,80,6
train_000397_blur_VIB777,VIB777,train,blur,images/train_000397_blur_VIB777.png,masks/train_000397_blur_VIB777_mask.png,240,80,6
train_000398_glare_VSZ163,VSZ163,train,glare,images/train_000398_glare_VSZ163.png,masks/train_000398_glare_VSZ163_mask.png,240,80,6
train_000399_touch_GVF460,GVF460,train,touch,images/train_000399_touch_GVF460.png,masks/train_000399_touch_GVF460_mask.png,240,80,6
test_000400_broken_MTZ739,MTZ739,test,broken,images/test_000400_broken_MTZ739.png,masks/test_000400_broken_MTZ739_mask.png,240,80,6
test_000401_threshold_KPE023,KPE023,test,threshold,images/test_000401_threshold_KPE023.png,masks/test_000401_threshold_KPE023_mask.png,240,80,6
test_000402_perspective_IAW971,IAW971,test,perspective,images/test_000402_perspective_IAW971.png,masks/test_000402_perspective_IAW971_mask.png,240,80,6
test_000403_compression_DLX620,DLX620,test,compression,images/test_000403_compression_DLX620.png,masks/test_000403_compression_DLX620_mask.png,240,80,6
test_000404_combo_KFS110,KFS110,test,combo,images/test_000404_combo_KFS110.png,masks/test_000404_combo_KFS110_mask.png,240,80,6
test_000405_clean_HWA489,HWA489,test,clean,images/test_000405_clean_HWA489.png,masks/test_000405_clean_HWA489_mask.png,240,80,6
test_000406_blur_THD614,THD614,test,blur,images/test_000406_blur_THD614.png,masks/test_000406_blur_THD614_mask.png,240,80,6
test_000407_glare_PIZ122,PIZ122,test,glare,images/test_000407_glare_PIZ122.png,masks/test_000407_glare_PIZ122_mask.png,240,80,6
test_000408_touch_RHL433,RHL433,test,touch,images/test_000408_touch_RHL433.png,masks/test_000408_touch_RHL433_mask.png,240,80,6
test_000409_broken_GQP800,GQP800,test,broken,images/test_000409_broken_GQP800.png,masks/test_000409_broken_GQP800_mask.png,240,80,6
test_000410_threshold_OYC360,OYC360,test,threshold,images/test_000410_threshold_OYC360.png,masks/test_000410_threshold_OYC360_mask.png,240,80,6
test_000411_perspective_XDN851,XDN851,test,perspective,images/test_000411_perspective_XDN851.png,masks/test_000411_perspective_XDN851_mask.png,240,80,6
test_000412_compression_MRC639,MRC639,test,compression,images/test_000412_compression_MRC639.png,masks/test_000412_compression_MRC639_mask.png,240,80,6
test_000413_combo_JMX809,JMX809,test,combo,images/test_000413_combo_JMX809.png,masks/test_000413_combo_JMX809_mask.png,240,80,6
test_000414_clean_IJH799,IJH799,test,clean,images/test_000414_clean_IJH799.png,masks/test_000414_clean_IJH799_mask.png,240,80,6
test_000415_blur_QGN679,QGN679,test,blur,images/test_000415_blur_QGN679.png,masks/test_000415_blur_QGN679_mask.png,240,80,6
test_000416_glare_CBJ188,CBJ188,test,glare,images/test_000416_glare_CBJ188.png,masks/test_000416_glare_CBJ188_mask.png,240,80,6
test_000417_touch_JXA060,JXA060,test,touch,images/test_000417_touch_JXA060.png,masks/test_000417_touch_JXA060_mask.png,240,80,6
test_000418_broken_CQK599,CQK599,test,broken,images/test_000418_broken_CQK599.png,masks/test_000418_broken_CQK599_mask.png,240,80,6
test_000419_threshold_IRV405,IRV405,test,threshold,images/test_000419_threshold_IRV405.png,masks/test_000419_threshold_IRV405_mask.png,240,80,6
test_000420_perspective_WPB208,WPB208,test,perspective,images/test_000420_perspective_WPB208.png,masks/test_000420_perspective_WPB208_mask.png,240,80,6
test_000421_compression_QVM530,QVM530,test,compression,images/test_000421_compression_QVM530.png,masks/test_000421_compression_QVM530_mask.png,240,80,6
test_000422_combo_BNL298,BNL298,test,combo,images/test_000422_combo_BNL298.png,masks/test_000422_combo_BNL298_mask.png,240,80,6
test_000423_clean_NVV178,NVV178,test,clean,images/test_000423_clean_NVV178.png,masks/test_000423_clean_NVV178_mask.png,240,80,6
test_000424_blur_ZSV776,ZSV776,test,blur,images/test_000424_blur_ZSV776.png,masks/test_000424_blur_ZSV776_mask.png,240,80,6
test_000425_glare_XGN412,XGN412,test,glare,images/test_000425_glare_XGN412.png,masks/test_000425_glare_XGN412_mask.png,240,80,6
test_000426_touch_PUW140,PUW140,test,touch,images/test_000426_touch_PUW140.png,masks/test_000426_touch_PUW140_mask.png,240,80,6
test_000427_broken_XAA031,XAA031,test,broken,images/test_000427_broken_XAA031.png,masks/test_000427_broken_XAA031_mask.png,240,80,6
test_000428_threshold_PCS520,PCS520,test,threshold,images/test_000428_threshold_PCS520.png,masks/test_000428_threshold_PCS520_mask.png,240,80,6
test_000429_perspective_IFQ376,IFQ376,test,perspective,images/test_000429_perspective_IFQ376.png,masks/test_000429_perspective_IFQ376_mask.png,240,80,6
test_000430_compression_DGY246,DGY246,test,compression,images/test_000430_compression_DGY246.png,masks/test_000430_compression_DGY246_mask.png,240,80,6
test_000431_combo_WKF238,WKF238,test,combo,images/test_000431_combo_WKF238.png,masks/test_000431_combo_WKF238_mask.png,240,80,6
test_000432_clean_XDV900,XDV900,test,clean,images/test_000432_clean_XDV900.png,masks/test_000432_clean_XDV900_mask.png,240,80,6
test_000433_blur_WRQ057,WRQ057,test,blur,images/test_000433_blur_WRQ057.png,masks/test_000433_blur_WRQ057_mask.png,240,80,6
test_000434_glare_IUV670,IUV670,test,glare,images/test_000434_glare_IUV670.png,masks/test_000434_glare_IUV670_mask.png,240,80,6
test_000435_touch_LOE055,LOE055,test,touch,images/test_000435_touch_LOE055.png,masks/test_000435_touch_LOE055_mask.png,240,80,6
test_000436_broken_QRE705,QRE705,test,broken,images/test_000436_broken_QRE705.png,masks/test_000436_broken_QRE705_mask.png,240,80,6
test_000437_threshold_PBS561,PBS561,test,threshold,images/test_000437_threshold_PBS561.png,masks/test_000437_threshold_PBS561_mask.png,240,80,6
test_000438_perspective_QJV522,QJV522,test,perspective,images/test_000438_perspective_QJV522.png,masks/test_000438_perspective_QJV522_mask.png,240,80,6
test_000439_compression_UEU989,UEU989,test,compression,images/test_000439_compression_UEU989.png,masks/test_000439_compression_UEU989_mask.png,240,80,6
test_000440_combo_SWB227,SWB227,test,combo,images/test_000440_combo_SWB227.png,masks/test_000440_combo_SWB227_mask.png,240,80,6
test_000441_clean_UIU816,UIU816,test,clean,images/test_000441_clean_UIU816.png,masks/test_000441_clean_UIU816_mask.png,240,80,6
test_000442_blur_FLH980,FLH980,test,blur,images/test_000442_blur_FLH980.png,masks/test_000442_blur_FLH980_mask.png,240,80,6
test_000443_glare_CIN544,CIN544,test,glare,images/test_000443_glare_CIN544.png,masks/test_000443_glare_CIN544_mask.png,240,80,6
test_000444_touch_AXH138,AXH138,test,touch,images/test_000444_touch_AXH138.png,masks/test_000444_touch_AXH138_mask.png,240,80,6
test_000445_broken_FEA841,FEA841,test,broken,images/test_000445_broken_FEA841.png,masks/test_000445_broken_FEA841_mask.png,240,80,6
test_000446_threshold_OUI363,OUI363,test,threshold,images/test_000446_threshold_OUI363.png,masks/test_000446_threshold_OUI363_mask.png,240,80,6
test_000447_perspective_SKM765,SKM765,test,perspective,images/test_000447_perspective_SKM765.png,masks/test_000447_perspective_SKM765_mask.png,240,80,6
test_000448_compression_YTH328,YTH328,test,compression,images/test_000448_compression_YTH328.png,masks/test_000448_compression_YTH328_mask.png,240,80,6
test_000449_combo_LKM834,LKM834,test,combo,images/test_000449_combo_LKM834.png,masks/test_000449_combo_LKM834_mask.png,240,80,6
test_000450_clean_YMD145,YMD145,test,clean,images/test_000450_clean_YMD145.png,masks/test_000450_clean_YMD145_mask.png,240,80,6
test_000451_blur_NQZ545,NQZ545,test,blur,images/test_000451_blur_NQZ545.png,masks/test_000451_blur_NQZ545_mask.png,240,80,6
test_000452_glare_WED943,WED943,test,glare,images/test_000452_glare_WED943.png,masks/test_000452_glare_WED943_mask.png,240,80,6
test_000453_touch_MPH407,MPH407,test,touch,images/test_000453_touch_MPH407.png,masks/test_000453_touch_MPH407_mask.png,240,80,6
test_000454_broken_EHY493,EHY493,test,broken,images/test_000454_broken_EHY493.png,masks/test_000454_broken_EHY493_mask.png,240,80,6
test_000455_threshold_DRQ219,DRQ219,test,threshold,images/test_000455_threshold_DRQ219.png,masks/test_000455_threshold_DRQ219_mask.png,240,80,6
test_000456_perspective_CQN318,CQN318,test,perspective,images/test_000456_perspective_CQN318.png,masks/test_000456_perspective_CQN318_mask.png,240,80,6
test_000457_compression_RXW323,RXW323,test,compression,images/test_000457_compression_RXW323.png,masks/test_000457_compression_RXW323_mask.png,240,80,6
test_000458_combo_XDS122,XDS122,test,combo,images/test_000458_combo_XDS122.png,masks/test_000458_combo_XDS122_mask.png,240,80,6
test_000459_clean_FJV730,FJV730,test,clean,images/test_000459_clean_FJV730.png,masks/test_000459_clean_FJV730_mask.png,240,80,6
test_000460_blur_BSS967,BSS967,test,blur,images/test_000460_blur_BSS967.png,masks/test_000460_blur_BSS967_mask.png,240,80,6
test_000461_glare_PYS922,PYS922,test,glare,images/test_000461_glare_PYS922.png,masks/test_000461_glare_PYS922_mask.png,240,80,6
test_000462_touch_IHY758,IHY758,test,touch,images/test_000462_touch_IHY758.png,masks/test_000462_touch_IHY758_mask.png,240,80,6
test_000463_broken_FFK650,FFK650,test,broken,images/test_000463_broken_FFK650.png,masks/test_000463_broken_FFK650_mask.png,240,80,6
test_000464_threshold_RZR619,RZR619,test,threshold,images/test_000464_threshold_RZR619.png,masks/test_000464_threshold_RZR619_mask.png,240,80,6
test_000465_perspective_UFN830,UFN830,test,perspective,images/test_000465_perspective_UFN830.png,masks/test_000465_perspective_UFN830_mask.png,240,80,6
test_000466_compression_NFL797,NFL797,test,compression,images/test_000466_compression_NFL797.png,masks/test_000466_compression_NFL797_mask.png,240,80,6
test_000467_combo_RQN307,RQN307,test,combo,images/test_000467_combo_RQN307.png,masks/test_000467_combo_RQN307_mask.png,240,80,6
test_000468_clean_UVF460,UVF460,test,clean,images/test_000468_clean_UVF460.png,masks/test_000468_clean_UVF460_mask.png,240,80,6
test_000469_blur_WFK372,WFK372,test,blur,images/test_000469_blur_WFK372.png,masks/test_000469_blur_WFK372_mask.png,240,80,6
test_000470_glare_ZOA852,ZOA852,test,glare,images/test_000470_glare_ZOA852.png,masks/test_000470_glare_ZOA852_mask.png,240,80,6
test_000471_touch_ADG182,ADG182,test,touch,images/test_000471_touch_ADG182.png,masks/test_000471_touch_ADG182_mask.png,240,80,6
test_000472_broken_CDO276,CDO276,test,broken,images/test_000472_broken_CDO276.png,masks/test_000472_broken_CDO276_mask.png,240,80,6
test_000473_threshold_NVL726,NVL726,test,threshold,images/test_000473_threshold_NVL726.png,masks/test_000473_threshold_NVL726_mask.png,240,80,6
test_000474_perspective_DTT807,DTT807,test,perspective,images/test_000474_perspective_DTT807.png,masks/test_000474_perspective_DTT807_mask.png,240,80,6
test_000475_compression_JDJ282,JDJ282,test,compression,images/test_000475_compression_JDJ282.png,masks/test_000475_compression_JDJ282_mask.png,240,80,6
test_000476_combo_KRK784,KRK784,test,combo,images/test_000476_combo_KRK784.png,masks/test_000476_combo_KRK784_mask.png,240,80,6
test_000477_clean_RDO894,RDO894,test,clean,images/test_000477_clean_RDO894.png,masks/test_000477_clean_RDO894_mask.png,240,80,6
test_000478_blur_BVW737,BVW737,test,blur,images/test_000478_blur_BVW737.png,masks/test_000478_blur_BVW737_mask.png,240,80,6
test_000479_glare_EJF996,EJF996,test,glare,images/test_000479_glare_EJF996.png,masks/test_000479_glare_EJF996_mask.png,240,80,6
test_000480_touch_YUH488,YUH488,test,touch,images/test_000480_touch_YUH488.png,masks/test_000480_touch_YUH488_mask.png,240,80,6
test_000481_broken_VNM405,VNM405,test,broken,images/test_000481_broken_VNM405.png,masks/test_000481_broken_VNM405_mask.png,240,80,6
test_000482_threshold_GCG669,GCG669,test,threshold,images/test_000482_threshold_GCG669.png,masks/test_000482_threshold_GCG669_mask.png,240,80,6
test_000483_perspective_HTC850,HTC850,test,perspective,images/test_000483_perspective_HTC850.png,masks/test_000483_perspective_HTC850_mask.png,240,80,6
test_000484_compression_GJA978,GJA978,test,compression,images/test_000484_compression_GJA978.png,masks/test_000484_compression_GJA978_mask.png,240,80,6
test_000485_combo_WWU918,WWU918,test,combo,images/test_000485_combo_WWU918.png,masks/test_000485_combo_WWU918_mask.png,240,80,6
test_000486_clean_UCB689,UCB689,test,clean,images/test_000486_clean_UCB689.png,masks/test_000486_clean_UCB689_mask.png,240,80,6
test_000487_blur_SHG071,SHG071,test,blur,images/test_000487_blur_SHG071.png,masks/test_000487_blur_SHG071_mask.png,240,80,6
test_000488_glare_HBH243,HBH243,test,glare,images/test_000488_glare_HBH243.png,masks/test_000488_glare_HBH243_mask.png,240,80,6
test_000489_touch_FTM267,FTM267,test,touch,images/test_000489_touch_FTM267.png,masks/test_000489_touch_FTM267_mask.png,240,80,6
test_000490_broken_WQT600,WQT600,test,broken,images/test_000490_broken_WQT600.png,masks/test_000490_broken_WQT600_mask.png,240,80,6
test_000491_threshold_GIT724,GIT724,test,threshold,images/test_000491_threshold_GIT724.png,masks/test_000491_threshold_GIT724_mask.png,240,80,6
test_000492_perspective_FQZ838,FQZ838,test,perspective,images/test_000492_perspective_FQZ838.png,masks/test_000492_perspective_FQZ838_mask.png,240,80,6
test_000493_compression_PRG951,PRG951,test,compression,images/test_000493_compression_PRG951.png,masks/test_000493_compression_PRG951_mask.png,240,80,6
test_000494_combo_DGU022,DGU022,test,combo,images/test_000494_combo_DGU022.png,masks/test_000494_combo_DGU022_mask.png,240,80,6
test_000495_clean_FZA141,FZA141,test,clean,images/test_000495_clean_FZA141.png,masks/test_000495_clean_FZA141_mask.png,240,80,6
test_000496_blur_QZW338,QZW338,test,blur,images/test_000496_blur_QZW338.png,masks/test_000496_blur_QZW338_mask.png,240,80,6
test_000497_glare_FKR075,FKR075,test,glare,images/test_000497_glare_FKR075.png,masks/test_000497_glare_FKR075_mask.png,240,80,6
test_000498_touch_IVI223,IVI223,test,touch,images/test_000498_touch_IVI223.png,masks/test_000498_touch_IVI223_mask.png,240,80,6
test_000499_broken_MJZ147,MJZ147,test,broken,images/test_000499_broken_MJZ147.png,masks/test_000499_broken_MJZ147_mask.png,240,80,6
